player_name,primary_tour,dg_rank,dg_change,owgr_rank,owgr_change,dg_index
"Scheffler, Scottie",PGA Tour,1,0,1,0,2.759
"McIlroy, Rory",PGA Tour,2,0,3,0,2.096
"Schauffele, Xander",PGA Tour,3,0,2,0,2.026
"Rahm, Jon",LIV Golf,4,0,54,-2,1.889
"Morikawa, Collin",PGA Tour,5,0,5,0,1.827
"Thomas, Justin",PGA Tour,6,0,9,0,1.677
"Hatton, Tyrrell",DP World Tour,7,0,8,0,1.654
"Matsuyama, Hideki",PGA Tour,8,0,6,0,1.613
"Fleetwood, Tommy",PGA Tour,9,0,10,0,1.558
"Cantlay, Patrick",PGA Tour,10,0,12,0,1.544
"Aberg, Ludvig",PGA Tour,11,0,4,0,1.473
"DeChambeau, Bryson",LIV Golf,12,0,11,2,1.413
"Niemann, Joaquin",LIV Golf,13,0,74,-1,1.4
"Henley, Russell",PGA Tour,14,0,17,0,1.367
"Im, Sungjae",PGA Tour,15,0,22,0,1.266
"Lowry, Shane",PGA Tour,16,0,18,1,1.253
"Burns, Sam",PGA Tour,17,0,28,-1,1.239
"Finau, Tony",PGA Tour,18,0,27,-1,1.214
"McNealy, Maverick",PGA Tour,19,0,13,1,1.213
"Bhatia, Akshay",PGA Tour,20,4,29,1,1.071
"McCarthy, Denny",PGA Tour,21,-1,36,2,1.041
"Straka, Sepp",PGA Tour,22,-1,19,-1,1.035
"Pendrith, Taylor",PGA Tour,23,-1,40,-1,1.021
"MacIntyre, Robert",PGA Tour,24,-1,16,0,1.019
"Kim, Tom",PGA Tour,25,0,25,-1,0.967
"Hovland, Viktor",PGA Tour,26,0,14,-3,0.958
"Scott, Adam",PGA Tour,27,0,26,-1,0.955
"Rai, Aaron",PGA Tour,28,10,24,5,0.954
"Bradley, Keegan",PGA Tour,29,-1,15,0,0.95
"Kim, Si Woo",PGA Tour,30,-1,65,-1,0.939
"Noren, Alex",PGA Tour,31,-1,61,-1,0.935
"Conners, Corey",PGA Tour,32,-1,50,-1,0.918
"Greyserman, Max",PGA Tour,33,-1,35,1,0.898
"Day, Jason",PGA Tour,34,-1,33,0,0.866
"Garcia, Sergio",LIV Golf,35,-1,489,-2,0.855
"Poston, J.T.",PGA Tour,36,-1,39,1,0.831
"Griffin, Ben",PGA Tour,37,17,57,8,0.82
"Thompson, Davis",PGA Tour,38,-1,48,0,0.814
"Hojgaard, Rasmus",DP World Tour,39,-3,45,-2,0.799
"Bezuidenhout, Christiaan",PGA Tour,40,0,51,0,0.762
"Spaun, J.J.",PGA Tour,41,0,81,0,0.758
"Glover, Lucas",PGA Tour,42,0,41,0,0.753
"Detry, Thomas",PGA Tour,43,0,23,0,0.747
"Hall, Harry",PGA Tour,44,-5,88,1,0.744
"Lee, Min Woo",PGA Tour,45,-1,55,0,0.738
"Puig, David",LIV Golf,46,-1,83,0,0.736
"Theegala, Sahith",PGA Tour,47,-1,21,-1,0.733
"Berger, Daniel",PGA Tour,48,0,52,1,0.715
"Zalatoris, Will",PGA Tour,49,0,66,0,0.713
"Kim, Michael",PGA Tour,50,7,79,1,0.708
"Clark, Wyndham",PGA Tour,51,-1,7,0,0.701
"Koepka, Brooks",LIV Golf,52,0,156,-7,0.682
"Taylor, Nick",PGA Tour,53,0,30,-2,0.661
"Jaeger, Stephan",PGA Tour,54,23,42,8,0.644
"Ancer, Abraham",LIV Golf,55,0,457,-3,0.632
"Harman, Brian",PGA Tour,56,0,37,-2,0.629
"Burmester, Dean",LIV Golf,57,1,132,-1,0.615
"Novak, Andrew",PGA Tour,58,1,77,0,0.605
"Leishman, Marc",LIV Golf,59,1,427,-2,0.6
"Stevens, Sam",PGA Tour,60,-13,76,0,0.597
"Power, Seamus",PGA Tour,61,0,119,-3,0.596
"Horschel, Billy",PGA Tour,62,0,20,1,0.596
"Kitayama, Kurt",PGA Tour,63,-12,89,-4,0.595
"An, Byeong Hun",PGA Tour,64,0,32,0,0.577
"Moore, Taylor",PGA Tour,65,0,78,0,0.565
"Rodgers, Patrick",PGA Tour,66,5,73,2,0.563
"Fitzpatrick, Matt",PGA Tour,67,-1,60,-2,0.55
"Eckroat, Austin",PGA Tour,68,-1,44,0,0.538
"English, Harris",PGA Tour,69,-1,34,0,0.534
"Smith, Cameron",LIV Golf,70,-1,98,-2,0.528
"Davis, Cameron",PGA Tour,71,1,49,-2,0.514
"Kuchar, Matt",PGA Tour,72,1,129,-2,0.493
"Hossler, Beau",PGA Tour,73,-10,82,0,0.489
"Mitchell, Keith",PGA Tour,74,0,100,-2,0.488
"Hodges, Lee",PGA Tour,75,0,86,0,0.481
"Oosthuizen, Louis",LIV Golf,76,0,234,-4,0.48
"Putnam, Andrew",PGA Tour,77,-7,146,-5,0.478
"Canter, Laurie",DP World Tour,78,1,53,1,0.449
"Smalley, Alex",PGA Tour,79,22,137,13,0.445
"Hughes, Mackenzie",PGA Tour,80,2,64,-1,0.444
"Young, Cameron",PGA Tour,81,2,47,-1,0.434
"Dunlap, Nick",PGA Tour,82,3,31,0,0.425
"McKibbin, Tom",DP World Tour,83,3,115,-3,0.424
"Campbell, Brian",Korn Ferry Tour,84,42,97,125,0.415
"Tringale, Cameron",LIV Golf,85,2,null,0,0.412
"Norgaard, Niklas",DP World Tour,86,3,90,1,0.411
"Olesen, Thorbjorn",DP World Tour,87,-6,80,-1,0.41
"Vegas, Jhonattan",PGA Tour,88,0,62,0,0.4
"Reed, Patrick",LIV Golf,89,1,120,-2,0.392
"Lower, Justin",PGA Tour,90,-12,84,0,0.39
"Fowler, Rickie",PGA Tour,91,0,95,-3,0.389
"Woodland, Gary",PGA Tour,92,0,174,-5,0.38
"Ortiz, Carlos",LIV Golf,93,0,378,-6,0.38
"Munoz, Sebastian",LIV Golf,94,0,null,0,0.375
"Neergaard-Petersen, Rasmus",DP World Tour,95,0,85,2,0.367
"Spieth, Jordan",PGA Tour,96,0,70,-3,0.367
"Ghim, Doug",PGA Tour,97,0,105,-2,0.365
"Casey, Paul",LIV Golf,98,0,null,0,0.344
"Bland, Richard",LIV Golf,99,0,null,0,0.335
"Gerard, Ryan",Korn Ferry Tour,100,13,189,6,0.325
"Fishburn, Patrick",PGA Tour,101,-17,113,-2,0.32
"Clanton, Luke",Amateur Events,102,4,94,-1,0.313
"Herbert, Lucas",LIV Golf,103,-1,267,-12,0.313
"Hojgaard, Nicolai",DP World Tour,104,31,68,6,0.31
"Smith, Jordan",DP World Tour,105,-2,104,-3,0.309
"Yu, Kevin",PGA Tour,106,-1,71,-2,0.305
"Kanaya, Takumi",Other Tours,107,5,155,1,0.286
"Bridgeman, Jacob",PGA Tour,108,0,205,-2,0.281
"Wallace, Matt",DP World Tour,109,-29,75,-3,0.271
"Cole, Eric",PGA Tour,110,-3,58,1,0.255
"Keefer, Johnny",Other Tours,111,-2,161,-2,0.244
"Meissner, Mac",PGA Tour,112,-12,154,-2,0.232
"McGreevy, Max",Korn Ferry Tour,113,14,93,2,0.227
"Roy, Kevin",Korn Ferry Tour,114,19,204,10,0.226
"Parry, John",DP World Tour,115,41,91,19,0.221
"Echavarria, Nicolas",PGA Tour,116,-2,46,-1,0.214
"Cauley, Bud",PGA Tour,117,-2,253,-5,0.213
"Lahiri, Anirban",LIV Golf,118,-2,null,0,0.212
"Kim, Chan",PGA Tour,119,20,165,2,0.208
"Uihlein, Peter",LIV Golf,120,-3,144,-1,0.205
"Sigg, Greyson",PGA Tour,121,19,162,4,0.201
"Highsmith, Joe",PGA Tour,122,21,170,2,0.191
"Rose, Justin",PGA Tour,123,-4,38,-1,0.191
"Svensson, Adam",PGA Tour,124,-13,145,-3,0.183
"Pan, C.T.",PGA Tour,125,-21,117,-2,0.176
"Veerman, Johannes",DP World Tour,126,-5,127,-1,0.171
"Hadwin, Adam",PGA Tour,127,-4,69,1,0.168
"Hoge, Tom",PGA Tour,128,-4,67,1,0.15
"Kirk, Chris",PGA Tour,129,-4,72,-1,0.145
"Fox, Ryan",PGA Tour,130,-10,103,-4,0.139
"Guerrier, Julien",DP World Tour,131,-3,122,1,0.136
"Homa, Max",PGA Tour,132,-1,63,-2,0.132
"Hoffman, Charley",PGA Tour,133,-15,101,-1,0.129
"Campillo, Jorge",DP World Tour,134,-5,116,-3,0.128
"Manassero, Matteo",DP World Tour,135,-25,102,0,0.115
"Svensson, Jesper",DP World Tour,136,-2,108,-1,0.113
"Griffin, Lanto",PGA Tour,137,20,247,3,0.106
"Cummins, Quade",Korn Ferry Tour,138,13,259,3,0.095
"Jordan, Matthew",DP World Tour,139,2,123,1,0.091
"Rozner, Antoine",DP World Tour,140,-4,130,2,0.088
"Silverman, Ben",PGA Tour,141,-9,160,-5,0.083
"Capan III, Frankie",Korn Ferry Tour,142,-5,143,-6,0.079
"Langasque, Romain",DP World Tour,143,1,92,-2,0.071
"Norris, Shaun",Other Tours,144,1,106,-1,0.063
"Ryder, Sam",PGA Tour,145,-7,194,-6,0.055
"Hubbard, Mark",PGA Tour,146,0,112,-3,0.052
"Soderberg, Sebastian",DP World Tour,147,-17,125,-5,0.052
"Meronk, Adrian",LIV Golf,148,-1,172,-7,0.05
"Smotherman, Austin",PGA Tour,149,0,264,-4,0.04
"Dahmen, Joel",PGA Tour,150,51,182,31,0.04
"Ventura, Kristoffer",Korn Ferry Tour,151,20,191,0,0.033
"Phillips, Chandler",PGA Tour,152,10,159,-1,0.031
"Laporta, Francesco",DP World Tour,153,-1,238,-3,0.023
"Coody, Pierceson",PGA Tour,154,-1,166,-6,0.022
"Knapp, Jake",PGA Tour,155,21,99,-2,0.019
"Hirata, Kensei",Other Tours,156,-1,107,-3,0.012
"Perez, Victor",PGA Tour,157,-35,96,-2,-0.001
"Norlander, Henrik",PGA Tour,158,28,198,11,-0.005
"Docherty, Alistair",Korn Ferry Tour,159,1,219,-4,-0.008
"Pieters, Thomas",LIV Golf,160,1,392,-3,-0.017
"Campbell, Ben",Other Tours,161,2,149,-3,-0.025
"Whaley, Vince",PGA Tour,162,-20,126,-4,-0.026
"Van Tonder, Daniel",Other Tours,163,1,163,8,-0.028
"Noh, Seung-Yul",Korn Ferry Tour,164,1,312,2,-0.035
"Nakajima, Keita",DP World Tour,165,1,136,-3,-0.036
"McCarty, Matt",PGA Tour,166,-16,56,0,-0.037
"Johnson, Zach",PGA Tour,167,0,337,-11,-0.041
"Van Rooyen, Erik",PGA Tour,168,-10,87,1,-0.042
"Saddier, Adrien",DP World Tour,169,15,215,16,-0.042
"Lawrence, Thriston",DP World Tour,170,-11,59,-2,-0.044
"Salinda, Isaiah",Korn Ferry Tour,171,63,179,96,-0.045
"Johnson, Dustin",LIV Golf,172,-3,null,0,-0.047
"Hisatsune, Ryo",PGA Tour,173,36,110,7,-0.062
"Hoey, Rico",PGA Tour,174,-20,134,-4,-0.063
"Gooch, Talor",LIV Golf,175,-3,null,0,-0.074
"Kohles, Ben",PGA Tour,176,19,141,-1,-0.078
"Vincent, Scott",Other Tours,177,-3,422,-3,-0.08
"Schenk, Adam",PGA Tour,178,-3,111,-5,-0.087
"Ayora, Angel",DP World Tour,179,6,178,2,-0.105
"Ferguson, Ewen",DP World Tour,180,-3,151,-3,-0.113
"Meissner, Mitchell",Korn Ferry Tour,181,-3,324,-4,-0.118
"Migliozzi, Guido",DP World Tour,182,-14,139,-3,-0.118
"Simpson, Webb",PGA Tour,183,-4,346,-4,-0.12
"Schwartzel, Charl",LIV Golf,184,-4,403,-3,-0.12
"Fitzpatrick, Alex",DP World Tour,185,-3,185,-6,-0.125
"Sullivan, Andy",DP World Tour,186,-3,206,-7,-0.129
"Luiten, Joost",DP World Tour,187,-17,233,-4,-0.138
"Young, Carson",PGA Tour,188,-40,152,-1,-0.152
"Schmid, Matthias",PGA Tour,189,-16,118,-4,-0.153
"Schaper, Jayden",DP World Tour,190,42,226,33,-0.163
"Lamprecht, Christo",Korn Ferry Tour,191,-1,250,-4,-0.173
"Chatfield, Davis",Korn Ferry Tour,192,0,330,-6,-0.187
"Stricker, Steve",PGA TOUR Champions,193,1,null,0,-0.193
"Stone, Brandon",DP World Tour,194,2,275,-2,-0.199
"Bjork, Alexander",DP World Tour,195,2,196,-11,-0.199
"Castillo, Ricky",Korn Ferry Tour,196,3,244,-6,-0.2
"Lindell, Oliver",DP World Tour,197,-16,311,-3,-0.214
"Kizzire, Patton",PGA Tour,198,-5,121,-2,-0.221
"Ramey, Chad",PGA Tour,199,23,299,5,-0.221
"Springer, Hayden",PGA Tour,200,16,150,-3,-0.225
"Li, Haotong",DP World Tour,201,-1,153,0,-0.232
"Grillo, Emiliano",PGA Tour,202,-11,128,-7,-0.238
"Wu, Dylan",PGA Tour,203,1,230,-4,-0.239
"Imahira, Shugo",Other Tours,204,1,229,-5,-0.242
"Wenyi, Ding",DP World Tour,205,14,null,0,-0.243
"Howell III, Charles",LIV Golf,206,1,null,0,-0.244
"Martin, Ben",PGA Tour,207,17,323,11,-0.248
"Shelton, Robby",PGA Tour,208,2,262,5,-0.25
"Hillier, Daniel",DP World Tour,209,2,138,-3,-0.252
"Catlin, John",Other Tours,210,2,131,-2,-0.262
"Thorbjornsen, Michael",PGA Tour,211,-24,199,-10,-0.264
"Lee, Kyounghoon",PGA Tour,212,-6,157,-3,-0.267
"Kruyswijk, Jacques",DP World Tour,213,96,216,145,-0.268
"Walker, Danny",Korn Ferry Tour,214,54,274,29,-0.272
"Garnett, Brice",PGA Tour,215,-1,188,-1,-0.272
"Bramlett, Joseph",PGA Tour,216,-1,315,0,-0.276
"Paul, Jeremy",Korn Ferry Tour,217,39,335,9,-0.276
"Robinson-Thompson, Brandon",DP World Tour,218,-5,200,-7,-0.283
"Bairstow, Sam",DP World Tour,219,-2,184,-6,-0.284
"Pavan, Andrea",DP World Tour,220,-18,296,-2,-0.285
"Hoshino, Rikuya",DP World Tour,221,-33,168,-6,-0.29
"Gotterup, Chris",PGA Tour,222,-14,213,-6,-0.294
"Shimizu, Taisei",Other Tours,223,-5,295,-3,-0.295
"List, Luke",PGA Tour,224,-21,140,-6,-0.301
"Steele, Brendan",LIV Golf,225,-5,null,0,-0.301
"Bryan, Wesley",PGA Tour,226,-5,222,-4,-0.303
"Dumont de Chassart, Adrien",PGA Tour,227,-4,218,-6,-0.307
"Pavon, Matthieu",PGA Tour,228,-3,43,-1,-0.309
"Fisk, Steven",Korn Ferry Tour,229,48,171,2,-0.31
"Chacarra, Eugenio",Other Tours,230,10,293,12,-0.312
"Blair, Zac",PGA Tour,231,-4,181,-4,-0.317
"Grace, Branden",LIV Golf,232,-4,null,0,-0.318
"Kinoshita, Ryosuke",Other Tours,233,-4,282,-4,-0.319
"Jang, Yubin",Other Tours,234,-3,148,-3,-0.323
"Na, Kevin",LIV Golf,235,-2,null,0,-0.33
"Schneider, Marcel",DP World Tour,236,23,319,17,-0.333
"Brown, Daniel",DP World Tour,237,-2,124,1,-0.354
"Waring, Paul",DP World Tour,238,-49,114,-6,-0.355
"Cink, Stewart",PGA TOUR Champions,239,-3,379,-4,-0.36
"Suber, Jackson",Korn Ferry Tour,240,-14,202,-12,-0.361
"Coussaud, Ugo",DP World Tour,241,-4,221,-5,-0.364
"Tosti, Alejandro",PGA Tour,242,63,190,15,-0.366
"Potgieter, Aldrich",Korn Ferry Tour,243,109,109,89,-0.37
"Stenson, Henrik",LIV Golf,244,-6,null,0,-0.371
"LaCroix, Frederic",DP World Tour,245,-6,175,-1,-0.372
"Dean, Joe",DP World Tour,246,12,135,4,-0.372
"Varner III, Harold",LIV Golf,247,-5,null,0,-0.373
"Shipley, Neal",PGA Tour,248,-5,231,-4,-0.374
"Nienaber, Wilco",Challenge Tour,249,-19,289,-1,-0.379
"Tway, Kevin",PGA Tour,250,-4,276,3,-0.387
"Lebioda, Hank",Korn Ferry Tour,251,-4,237,6,-0.389
"Kokrak, Jason",LIV Golf,252,-4,null,0,-0.391
"Alker, Steven",PGA TOUR Champions,253,-3,null,0,-0.394
"Jamieson, Scott",DP World Tour,254,-3,292,-3,-0.394
"Horsfield, Sam",LIV Golf,255,-3,null,0,-0.395
"Ramsay, Richie",DP World Tour,256,-3,270,-6,-0.4
"Kim, Seonghyeon",PGA Tour,257,-3,167,-4,-0.406
"Redman, Doc",Korn Ferry Tour,258,-1,388,-1,-0.412
"Syme, Connor",DP World Tour,259,28,201,-1,-0.414
"Hardy, Nick",PGA Tour,260,-19,309,-10,-0.415
"Lemke, Niklas",Challenge Tour,261,31,428,37,-0.424
"Suh, Justin",PGA Tour,262,-2,287,-2,-0.43
"Lashley, Nate",PGA Tour,263,-65,219,-8,-0.432
"Micheluzzi, David",DP World Tour,264,-3,197,-3,-0.436
"Kimsey, Nathan",DP World Tour,265,-3,452,-7,-0.446
"Otaegui, Adrian",DP World Tour,266,-17,208,-16,-0.45
"Smyth, Travis",Other Tours,267,11,272,8,-0.451
"Jones, Matt",LIV Golf,268,-4,null,0,-0.451
"James, Ben",Amateur Events,269,-3,null,0,-0.46
"Moore, Ryan",PGA Tour,270,-3,290,3,-0.462
"Johnston, Andrew",DP World Tour,271,-2,408,-3,-0.466
"Kaewkanjana, Sadom",Other Tours,272,-2,320,1,-0.466
"Surratt, Caleb",LIV Golf,273,-2,313,-1,-0.467
"Higa, Kazuki",Other Tours,274,-2,307,-5,-0.471
"Chappell, Kevin",PGA Tour,275,-2,329,3,-0.471
"Summerhays, Daniel",Korn Ferry Tour,276,-1,363,-3,-0.473
"Mullinax, Trey",PGA Tour,277,-22,453,-3,-0.473
"Gutierrez, Ivan Cantero",DP World Tour,278,-33,261,-4,-0.487
"Streelman, Kevin",PGA Tour,279,2,214,-6,-0.49
"Del Rey, Alejandro",DP World Tour,280,2,158,-1,-0.493
"Tabuena, Miguel",Other Tours,281,3,288,-2,-0.497
"Kaneko, Kota",Other Tours,282,4,373,-5,-0.503
"Elvira Mijares, Ignacio",DP World Tour,283,38,193,4,-0.506
"Koivun, Jackson",Amateur Events,284,4,null,0,-0.512
"Higgo, Garrick",PGA Tour,285,4,317,-7,-0.513
"Knox, Russell",Korn Ferry Tour,286,8,370,4,-0.523
"Rosenmueller, Thomas",Korn Ferry Tour,287,-13,203,-7,-0.527
"Wu, Brandon",PGA Tour,288,-23,332,-10,-0.532
"Wolff, Matthew",LIV Golf,289,6,null,0,-0.536
"Scrivener, Jason",DP World Tour,290,6,283,-2,-0.537
"Bradbury, Dan",DP World Tour,291,6,177,-2,-0.552
"Gilligan, Ian",Amateur Events,292,6,null,0,-0.552
"Goodwin, Noah",Korn Ferry Tour,293,23,364,3,-0.555
"Couvra, Martin",Challenge Tour,294,-11,273,-2,-0.555
"Laird, Martin",PGA Tour,295,4,280,-8,-0.556
"Lipsky, David",PGA Tour,296,-52,164,-3,-0.559
"Snedeker, Brandt",PGA Tour,297,5,398,-3,-0.566
"Nyholm, Pontus",Korn Ferry Tour,298,5,418,-1,-0.568
"Hill, Calum",DP World Tour,299,-23,279,-14,-0.57
"Montgomery, Taylor",PGA Tour,300,38,248,-4,-0.576
"Bauchou, Zachary",Korn Ferry Tour,301,3,291,-1,-0.578
"Wiesberger, Bernd",DP World Tour,302,-17,223,2,-0.579
"Vilips, Karl",Korn Ferry Tour,303,-24,260,3,-0.581
"Lee, Chieh-Po",Other Tours,304,2,249,-7,-0.584
"Gonzalez, Emilio",Korn Ferry Tour,305,2,366,0,-0.59
"Vaillant, Tom",DP World Tour,306,2,328,1,-0.59
"Rutherford, Jamie",Challenge Tour,307,69,294,37,-0.597
"Mouw, William",Korn Ferry Tour,308,-8,187,-5,-0.598
"Harrington, Padraig",PGA TOUR Champions,309,-18,375,-4,-0.602
"Duncan, Tyler",PGA Tour,310,1,340,-3,-0.602
"Whitney, Tom",PGA Tour,311,1,415,-10,-0.603
"Norrman, Vincent",PGA Tour,312,-49,239,-6,-0.604
"Dickson, Taylor",Korn Ferry Tour,313,-3,195,-11,-0.608
"Brown, Hamish",Challenge Tour,314,-24,242,-10,-0.608
"Jarvis, Casey",DP World Tour,315,31,301,5,-0.613
"Widing, Tim",Korn Ferry Tour,316,-3,176,-8,-0.615
"Lamb, Rick",Korn Ferry Tour,317,-3,470,-4,-0.615
"Peterson, Paul",Korn Ferry Tour,318,-38,227,-4,-0.617
"NeSmith, Matthew",PGA Tour,319,-4,281,-5,-0.62
"Gordon, Will",PGA Tour,320,-19,325,-6,-0.622
"Morrison, Tommy",Amateur Events,321,-4,null,0,-0.623
"Semikawa, Taiga",Other Tours,322,-3,286,-4,-0.628
"Lee, Richard Taehoon",Other Tours,323,-1,232,-4,-0.636
"Higgs, Harry",PGA Tour,324,-31,173,-3,-0.639
"Kraft, Kelly",PGA Tour,325,-1,409,-10,-0.64
"Valimaki, Sami",PGA Tour,326,42,169,-5,-0.641
"Zanotti, Fabrizio",DP World Tour,327,-2,310,-3,-0.643
"Lee, Seungtaek",Other Tours,328,-1,354,-5,-0.646
"Suri, Julian",Korn Ferry Tour,329,-1,475,-5,-0.649
"Mansell, Richard",DP World Tour,330,-1,251,-6,-0.658
"Horikawa, Mikumu",Other Tours,331,-1,401,-7,-0.658
"Watson, Bubba",LIV Golf,332,-1,null,0,-0.664
"Reavie, Chez",PGA Tour,333,-1,344,-4,-0.665
"Schniederjans, Ollie",Korn Ferry Tour,334,-1,269,0,-0.668
"Champ, Cameron",PGA Tour,335,-1,431,0,-0.669
"Westmoreland, Kyle",Korn Ferry Tour,336,-1,255,-1,-0.669
"Hadley, Chesson",PGA Tour,337,0,326,-1,-0.671
"Crocker, Sean",DP World Tour,338,-20,266,-13,-0.672
"Premlall, Yurav",Other Tours,339,0,476,-3,-0.678
"Kobori, Kazuma",DP World Tour,340,13,360,10,-0.682
"VanDerLaan, John",Korn Ferry Tour,341,-1,null,0,-0.682
"Ballester, Jose Luis",Amateur Events,342,78,null,0,-0.69
"McDowell, Graeme",LIV Golf,343,-2,null,0,-0.69
"Molinari, Francesco",PGA Tour,344,25,null,0,-0.692
"Lee, Junghwan",Other Tours,345,-2,357,-2,-0.694
"Van Paris, Jackson",Amateur Events,346,3,null,0,-0.706
"Holt, Ian",Korn Ferry Tour,347,0,null,0,-0.713
"Paul, Yannik",DP World Tour,348,0,211,-7,-0.714
"Winther, Jeff",DP World Tour,349,-13,235,-1,-0.716
"Tuten, Shad",Korn Ferry Tour,350,1,487,-5,-0.719
"Gouveia, Ricardo",DP World Tour,351,41,347,6,-0.721
"Reitan, Kristoffer",DP World Tour,352,-29,366,-7,-0.731
"Green, Gavin",DP World Tour,353,-11,342,-3,-0.733
"Pepperell, Eddie",DP World Tour,354,5,386,-2,-0.734
"Sato, Taihei",Other Tours,355,0,444,-2,-0.738
"Poulter, Ian",LIV Golf,356,0,null,0,-0.739
"McGirt, William",PGA Tour,357,0,null,0,-0.74
"Kinhult, Marcus",DP World Tour,358,-13,263,3,-0.743
"Diaz, Roberto",Korn Ferry Tour,359,1,496,-2,-0.744
"Coody, Parker",PGA Tour,360,1,387,-2,-0.744
"Wilson, Andrew",DP World Tour,361,1,383,3,-0.745
"Dou, Zecheng",Korn Ferry Tour,362,1,477,-2,-0.746
"Mazzoli, Stefano",Other Tours,363,1,399,-2,-0.75
"Kozuma, Jinichiro",Other Tours,364,1,442,-2,-0.751
"Thornberry, Braden",Korn Ferry Tour,365,-45,276,-2,-0.753
"Pereira, Mito",LIV Golf,366,0,null,0,-0.753
"Pak, John",Korn Ferry Tour,367,85,236,22,-0.756
"Clements, Todd",DP World Tour,368,-1,305,-8,-0.757
"Armitage, Marcus",DP World Tour,369,-19,212,-2,-0.774
"Taylor, Ben",PGA Tour,370,3,null,0,-0.78
"Vincent, Kieran",Other Tours,371,6,382,-2,-0.785
"Ravetto, David",DP World Tour,372,6,183,-7,-0.787
"Ritchie, JC",Challenge Tour,373,6,null,0,-0.787
"Maguire, MJ",Other Tours,374,6,338,-5,-0.789
"Crowe, Trace",PGA Tour,375,6,258,-2,-0.79
"Song, Younghan",Other Tours,376,6,321,-8,-0.791
"Riedel, Matthew",Korn Ferry Tour,377,-6,null,0,-0.796
"Dantorp, Jens",DP World Tour,378,27,350,0,-0.799
"Schott, Frederik",DP World Tour,379,82,368,44,-0.802
"Todd, Brendon",PGA Tour,380,3,133,-5,-0.804
"Katsuragawa, Yuto",DP World Tour,381,4,271,-1,-0.807
"Southgate, Matthew",DP World Tour,382,-12,339,-9,-0.809
"Donald, Luke",DP World Tour,383,3,null,0,-0.811
"Kang, Kyungnam",Other Tours,384,4,432,0,-0.816
"Gabrelcik, Nick",Korn Ferry Tour,385,4,496,3,-0.816
"Schmidt, Ben",Challenge Tour,386,43,469,9,-0.819
"Cockerill, Aaron",DP World Tour,387,-33,308,-8,-0.821
"Van Driel, Darius",DP World Tour,388,-13,265,-4,-0.821
"Von Dellingshausen, Nicolai",DP World Tour,389,-63,425,-1,-0.821
"Luck, Curtis",Korn Ferry Tour,390,1,336,-8,-0.823
"Johnston, Ryggs",DP World Tour,391,-33,297,-2,-0.824
"Hitt, Austin",Korn Ferry Tour,392,1,440,-2,-0.827
"De Leo, Gregorio",Challenge Tour,393,87,null,0,-0.829
"Cone, Trevor",Korn Ferry Tour,394,-50,385,-3,-0.833
"Teater, Josh",PGA Tour,395,0,314,-3,-0.833
"Baddeley, Aaron",PGA Tour,396,59,345,9,-0.834
"Langer, Bernhard",PGA TOUR Champions,397,-1,null,0,-0.835
"Hidalgo, Angel",DP World Tour,398,-14,186,-3,-0.84
"Gomez, Fabian",Korn Ferry Tour,399,-1,480,4,-0.843
"Kjettrup, Frederik",Other Tours,400,-1,256,-6,-0.848
"Els, Ernie",PGA TOUR Champions,401,-1,null,0,-0.849
"Ishikawa, Ryo",Other Tours,402,-1,224,-4,-0.851
"Brennan, Michael",Other Tours,403,-1,null,0,-0.853
"Aiken, Thomas",DP World Tour,404,-32,405,2,-0.854
"Ikemura, Tomoyo",Other Tours,405,-2,437,7,-0.855
"Korhonen, Mikko",DP World Tour,406,-2,null,0,-0.855
"Hebert, Benjamin",Challenge Tour,407,55,394,32,-0.863
"Lindheim, Nicholas",PGA Tour,408,-2,null,0,-0.866
"Campos, Rafael",PGA Tour,409,59,180,0,-0.866
"Stanger, Jimmy",PGA Tour,410,-3,349,-6,-0.866
"Thomas, Rayhan",Amateur Events,411,-3,null,0,-0.868
"Kieffer, Maximilian",DP World Tour,412,-25,361,-5,-0.871
"Sloan, Roger",PGA Tour,413,-3,371,-6,-0.871
"Sharma, Shubhankar",DP World Tour,414,-17,257,-5,-0.872
"Steinlechner, Maximilian",Challenge Tour,415,-4,404,-7,-0.873
"Lombard, Zander",DP World Tour,416,-4,268,0,-0.878
"Willett, Danny",PGA Tour,417,-4,424,-2,-0.878
"Maguire, Jack",Korn Ferry Tour,418,-4,460,-4,-0.878
"Ford, David",Amateur Events,419,-25,null,0,-0.879
"Winstead, Trey",Korn Ferry Tour,420,-3,341,-3,-0.88
"Steelman, Ross",Korn Ferry Tour,421,-3,393,0,-0.881
"Law, David",DP World Tour,422,-48,411,-9,-0.883
"Vogel, T.J.",Korn Ferry Tour,423,-4,null,0,-0.887
"Russell, Miles",Amateur Events,424,0,null,0,-0.897
"Kim, Hanbyeol",Other Tours,425,-4,null,0,-0.897
"Penge, Marco",DP World Tour,426,43,445,16,-0.897
"Larrazabal, Pablo",DP World Tour,427,-5,217,1,-0.897
"Kho, Taichi",Other Tours,428,-5,486,-5,-0.898
"Rottluff, Max",DP World Tour,429,-4,412,-9,-0.9
"Young, Daniel",Challenge Tour,430,-3,null,0,-0.902
"Williams, Robin",DP World Tour,431,-22,225,-4,-0.903
"Olesen, Jacob Skov",DP World Tour,432,52,null,0,-0.905
"Snyman, Ian",Other Tours,433,-3,493,-2,-0.913
"Germishuys, Deon",Challenge Tour,434,0,316,0,-0.916
"Valdes, Brendan",Amateur Events,435,-2,null,0,-0.925
"Skinns, David",PGA Tour,436,-46,254,-13,-0.93
"Robertson, Graeme",Other Tours,437,-1,null,0,-0.932
"Prateeptienchai, Suteepat",Other Tours,438,-4,243,-4,-0.933
"Siem, Marcel",DP World Tour,439,-13,209,-8,-0.935
"Xiong, Norman",PGA Tour,440,-5,380,-2,-0.935
"Ogiso, Takashi",Other Tours,441,-3,365,-3,-0.94
"Dougherty, Kevin",PGA Tour,442,-3,null,0,-0.94
"Alexander, Tyson",PGA Tour,443,-3,430,-1,-0.941
"Frittelli, Dylan",DP World Tour,444,-3,333,-6,-0.941
"Weiler, Joe",Korn Ferry Tour,445,-3,429,-2,-0.943
"Crick, Brandon",Korn Ferry Tour,446,-3,384,-3,-0.944
"Molinari, Edoardo",DP World Tour,447,-3,null,0,-0.947
"Hahn, James",PGA Tour,448,-3,null,0,-0.95
"Nemecz, Lukas",DP World Tour,449,46,447,16,-0.953
"Andersen, Mason",Korn Ferry Tour,450,0,358,-1,-0.956
"Villegas, Camilo",PGA Tour,451,-4,245,-5,-0.956
"Aphibarnrat, Kiradech",DP World Tour,452,-4,306,-6,-0.964
"Harkins, Brandon",Korn Ferry Tour,453,-4,null,0,-0.964
"Smylie, Elvis",Other Tours,454,-3,207,-5,-0.967
"Takeyasu, Shunya",Other Tours,455,-2,null,0,-0.972
"Kim, Minkyu",Other Tours,456,-40,240,-4,-0.98
"McCarthy, Dan",Korn Ferry Tour,457,-1,null,0,-0.981
"Brown, Blades",Amateur Events,458,0,null,0,-0.982
"Pulkkanen, Tapio",DP World Tour,459,30,397,16,-0.983
"Shinkwin, Callum",DP World Tour,460,-3,446,-3,-0.986
"Werenski, Richy",Korn Ferry Tour,461,-3,478,-6,-0.986
"Bateman, Wilson",Korn Ferry Tour,462,-2,null,0,-0.99
"Voke, Nick",Other Tours,463,0,461,0,-0.99
"Sordet, Clement",DP World Tour,464,0,null,0,-0.993
"Ortiz Becerra, Alvaro",Korn Ferry Tour,465,1,436,-9,-0.997
"Jin, Zihao",Other Tours,466,0,453,0,-0.999
"Piercy, Scott",PGA Tour,467,0,null,0,-1.002
"Tarren, Callum",PGA Tour,468,-40,449,-2,-1.003
"Iwata, Hiroshi",Other Tours,469,-38,300,-13,-1.005
"Forrest, Grant",DP World Tour,470,-38,228,-11,-1.007
"Buckley, Hayden",PGA Tour,471,-17,333,-10,-1.008
"Velo, Kevin",Korn Ferry Tour,472,-26,331,-13,-1.009
"Seiffert, Chase",Korn Ferry Tour,473,-8,null,0,-1.01
"Westwood, Lee",LIV Golf,474,-7,null,0,-1.014
"Lagergren, Joakim",DP World Tour,475,0,245,0,-1.02
"Lewis, Bryce",Other Tours,476,-6,null,0,-1.022
"Ogletree, Andy",LIV Golf,477,-6,null,0,-1.023
"Khongwatmai, Phachara",Other Tours,478,-6,353,-5,-1.026
"Summerhays, Preston",Amateur Events,479,-6,null,0,-1.029
"Hugo, Jean",Other Tours,480,-6,null,0,-1.029
"Hosono, Yusaku",Other Tours,481,-6,null,0,-1.032
"Mory, Felix",Challenge Tour,482,-6,null,0,-1.032
"Celli, Filippo",DP World Tour,483,16,468,-1,-1.032
"Scott, Sandy",Other Tours,484,-7,null,0,-1.033
"Purcell, Conor",Challenge Tour,485,-26,304,-7,-1.034
"Welch, Patrick",Korn Ferry Tour,486,-8,null,0,-1.036
"Fisher, Ross",DP World Tour,487,-8,464,-4,-1.039
"Byrd, Jonathan",Korn Ferry Tour,488,0,null,0,-1.041
"Shogenji, Tatsunori",Other Tours,489,-8,441,-6,-1.045
"Senior, Jack",DP World Tour,490,-75,414,-13,-1.048
"Bae, Sangmoon",PGA Tour,491,-9,null,0,-1.049
"Inamori, Yuki",Other Tours,492,-9,389,-6,-1.051
"Ko, Jeong Weon",DP World Tour,493,0,359,0,-1.053
"Mickelson, Phil",LIV Golf,494,-8,null,0,-1.055
"Charoenkul, Gunn",Other Tours,495,-8,482,-3,-1.061
"Sampson Yunhe, Zheng",Other Tours,496,-8,null,0,-1.063
"Nunez, Augusto",Korn Ferry Tour,497,-7,null,0,-1.069
"Sherwood, Cole",Korn Ferry Tour,498,-7,null,0,-1.07
"Wang, Jeunghun",Other Tours,499,-7,395,8,-1.072
"Blaauw, Jacques",Other Tours,500,-7,null,0,-1.074
